<?xml version="1.0" encoding="UTF-8" standalone="no"?><Employee xmlns:xsi="http://www.w3.org/2001/XMLSchema-instance">
	<Personalia>
		<Name>Michiel de Ruyter</Name>
		<Function>Schout bij Nacht</Function>
		<Description>Michiel de Ruyter (bijgenaamd Bestevaêr, ofwel grootvader) is de bekendste zeeheld uit de Nederlandse geschiedenis. Hij wordt algemeen beschouwd als de grootste admiraal van zijn tijd. De Ruyter was afwisselend in dienst van de staat en van reders, en was zelfs een tijdlang als zelfstandig ondernemer actief in de walvisvaart.

De Ruyter begon zijn carrière als eenvoudig Zeeuws zeeman. Rond zijn dertigste had hij zich opgewerkt tot kapitein, eerst in dienst van het koopmanshuis Lampsins varend, later als eigen meester. Vermogend geworden had hij de zee al vaarwel gezegd toen in 1652, bij het uitbreken van de Eerste Engelse Zeeoorlog, de Zeeuwse Admiraliteit met succes een beroep deed op zijn plichtsbesef en hij een belangrijk vlootvoogd werd. </Description>
		<Location>Vlissingen</Location>
		<LinkedIn> - </LinkedIn>
		<HighestEducation>hoogbootsmansjongen</HighestEducation>
		<DateOfBirth>24 maart 1607</DateOfBirth>
		<Hobbies>Vissen, Schaken en Zeeslagje</Hobbies>
		<Tag>Bestevâer, Zeeheld</Tag>
	</Personalia>
	<Education>
		<Topic1>
			<Certificate>Admiraal</Certificate>
			<Institute>de Zeeuwse Admiraliteit</Institute>
			<Year>1653</Year>
		</Topic1>
		<Topic2>
			<Certificate>Luitenant-Admiraal-Generaal</Certificate>
			<Institute>Republiek der Zeven Verenigde Provinciën</Institute>
			<Year>1655</Year>
		</Topic2>
		<Topic3>
			<Certificate>Walvisvaart</Certificate>
			<Institute>Vlissingen</Institute>
			<Year>1620</Year>
		</Topic3>
		<Topic4>
			<Certificate>Victorie Frans-Engels vloot</Certificate>
			<Institute>Republiek der Zeven Verenigde Provinciën</Institute>
			<Year>1667</Year>
		</Topic4>
		<Topic5>
			<Certificate>Piraat</Certificate>
			<Institute>Republiek der Zeven Verenigde Provinciën</Institute>
			<Year>1654</Year>
		</Topic5>
		<Topic6>
			<Certificate>Zeeheld</Certificate>
			<Institute>Republiek der Zeven Verenigde Provinciën</Institute>
			<Year>1676</Year>
		</Topic6>
	</Education>
	<Skills>
		<Skill1>
			<Description>Oorlogsvloot aansturen</Description>
			<Percentage>100</Percentage>
		</Skill1>
		<Skill2>
			<Description>Piraterij</Description>
			<Percentage>75</Percentage>
		</Skill2>
		<Skill3>
			<Description>Spitsvondigheid</Description>
			<Percentage>86</Percentage>
		</Skill3>
		<Skill4>
			<Description>Zeeslagen winnen</Description>
			<Percentage>95</Percentage>
		</Skill4>
		<Skill5>
			<Description>Powerpoint</Description>
			<Percentage>0</Percentage>
		</Skill5>
		<Skill6>
			<Description>Aanmeren</Description>
			<Percentage>35</Percentage>
		</Skill6>
	</Skills>
	<PrimaryWorkingExperience>
		<FunctionEmployer>Zeeheld, Republiek der Zeven Verenigde Nederlanden</FunctionEmployer>
		<Duration>2-1637 t/m 9-1676</Duration>
		<Situation>De naam "Michiel Adriaensen Ruyter" zou hij pas rond 1636 aannemen. Zijn naam werd, zoals in de 17e eeuw gebruikelijk, ook door hemzelf op verschillende wijzen geschreven.

Van De Ruyters jeugd zijn wat details bekend uit verschillende zeventiende-eeuwse biografieën. De betrouwbaarste daarvan is van de hand van Gerard Brandt die in opdracht van de familie De Ruyters levensverhaal na diens dood opschreef. Daarbij was het indertijd de gewoonte om allerlei voorvallen aan te halen die een voorteken waren van de toekomstige roem van de beschrevene. Dat De Ruyter al jong onverschrokken was, zou bewezen worden doordat hij als knaap van tien jaar tijdens bouwwerkzaamheden de torenspits van de Grote kerk van Vlissingen beklom en aan de buitenkant weer afdaalde. </Situation>
		<Tasks>Van 1644 tot en met 1651 maakte De Ruyter met zijn schip de Salamander vele handelstochten op Marokko en West-Indië voor eigen rekening. In 1650 verbleef De Ruyter meer dan acht maanden in Santa Cruz (het huidige Agadir). De reden is niet bekend. Wel liet De Ruyter optekenen dat hij daar "met veel verdriet" was.[5] Zijn reizen naar Marokko waren zeer profijtelijk.</Tasks>
		<Results> De Ruyter bevrijdde Nyborg op Funen, waarbij hij grote persoonlijke moed toonde door na een vastgelopen eerste aanval incognito voorop te gaan bij de bestorming van de vijandelijke stellingen. </Results>
	</PrimaryWorkingExperience>
	<OtherWorkingExperience>
		<WorkingExperience1>
			<FunctionEmployer>Admiraal, Frans-Engels zeeoorlog</FunctionEmployer>
			<Duration>1665-1670</Duration>
			<Description>De Tweede Engels-Nederlandse Oorlog, die eigenlijk al een jaar in de koloniën werd uitgevochten, was nu de openlijke fase ingegaan. In de Slag bij Lowestoft op 13 juni 1665 had de Nederlandse vloot een zeer zware nederlaag geleden, waarbij Jacob van Wassenaer Obdam, de opperbevelhebber van de marine, was gesneuveld.</Description>
		</WorkingExperience1>
		<WorkingExperience2>
			<FunctionEmployer>Kapitein, Nederland</FunctionEmployer>
			<Duration>1637-1645</Duration>
			<Description>Op 23 april 1637 zeilde De Ruyter uit als kapitein van een directieschip: een particuliere oorlogsbodem van de Vlissingse reders Lampsins. Het particulier initiatief moest de zwakke oorlogsvloot bijstaan in de strijd tegen de Duinkerker Kapers. Zeeland had geen officiële directiekamer en daarom is deze tocht als kaapvaart te omschrijven.</Description>
		</WorkingExperience2>
		<WorkingExperience3>
			<FunctionEmployer>Walvisser</FunctionEmployer>
			<Duration>1640-1650</Duration>
			<Description>Hij nam deel aan het ontzet, op 2 oktober 1622, van deze stad waar de familie van zijn moeder vandaan kwam. De overlevering wil dat Michiel om deze oom, die hij graag mocht, te eren, later de naam De Ruyter aannam. De schrijfwijze stond niet vast, evenmin als het voorvoegsel de; allerlei spellingvarianten zijn in de geschriften terug te vinden.</Description>
		</WorkingExperience3>
	</OtherWorkingExperience>
	<Technical>
		<Tech1>file:/D:/data/mlu20592/Downloads/1P%20Creator/Ordina%20One%20Page/Voorbeeld%20-%20Michiel%20de%20Ruyter/Michiel%20de%20Ruyter.jpg</Tech1>
		<Tech2>Woonplaats</Tech2>
	</Technical>
</Employee>